station_id,array,longitude_dms,latitude_dms,elevation_m,x_km,y_km,z_km
230000081,southern_highwall,094 39 52.132 E,43 55 05.407 N,388.73,392.733776,4865.683051,0.38873
230000082,southern_highwall,094 40 00.714 E,43 55 07.317 N,367.11,392.926195,4865.738908,0.36711
230000083,southern_highwall,094 39 45.974 E,43 55 13.930 N,246.46,392.600648,4865.948331,0.24646
230000085,southern_highwall,094 39 48.753 E,43 55 09.025 N,372.51,392.660196,4865.795938,0.37251
230000086,southern_highwall,094 39 41.822 E,43 55 13.209 N,324.6,392.507659,4865.927579,0.3246
230000087,southern_highwall,094 39 40.409 E,43 55 09.469 N,367.47,392.474264,4865.812657,0.36747
230000092,southern_highwall,094 40 03.380 E,43 55 10.997 N,329.47,392.987506,4865.85153,0.32947
230000096,southern_highwall,94 39 44.949 E,43 55 07.161 N,389.22,392.574398,4865.73978,0.38922
230000099,southern_highwall,94 39 36.857 E,43 55 11.166 N,348.5,392.395869,4865.866319,0.3485
230000100,southern_highwall,94 39 40.452 E,43 55 07.169 N,388.19,392.474073,4865.741653,0.38819
230000104,southern_highwall,94 39 56.022 E,43 55 11.400 N,351.68,392.823552,4865.866618,0.35168
230000110,southern_highwall,94 39 36.216 E,43 55 06.193 N,387.24,392.379078,4865.713062,0.38724
230000112,southern_highwall,94 39 52.940 E,43 55 13.216 N,328.65,392.7557,4865.923779,0.32865
230000116,southern_highwall,94 39 46.407 E,43 55 11.088 N,351.0,392.608888,4865.860458,0.351
230000119,southern_highwall,94 39 55.064 E,43 55 08.802 N,372.82,392.800883,4865.786778,0.37282
230000120,southern_highwall,94 39 37.983 E,43 55 15.163 N,308.12,392.422991,4865.989276,0.30812
230000084,internal_dump,94 37 41.233 E,43 55 42.009 N,228.09,389.832142,4866.86062,0.22809
230000089,internal_dump,94 38 08.004 E,43 55 46.544 N,269.9,390.431624,4866.990695,0.2699
230000090,internal_dump,94 38 37.205 E,43 55 45.284 N,266.4,391.082344,4866.941075,0.2664
230000091,internal_dump,94 37 54.206 E,43 55 53.715 N,327.26,390.127512,4867.217118,0.32726
230000093,internal_dump,94 37 52.381 E,43 55 47.437 N,288.06,390.083593,4867.024025,0.28806
230000094,internal_dump,94 37 51.838 E,43 55 43.884 N,248.39,390.069662,4866.914565,0.24839
230000098,internal_dump,94 37 44.382 E,43 55 47.513 N,289.45,389.905206,4867.029331,0.28945
230000101,internal_dump,94 38 42.742 E,43 55 47.088 N,290.67,391.206767,4866.994727,0.29067
230000102,internal_dump,94 38 28.677 E,43 55 48.815 N,290.37,390.89391,4867.053185,0.29037
230000103,internal_dump,94 38 23.875 E,43 55 46.119 N,270.95,390.785427,4866.971737,0.27095
230000105,internal_dump,94 38 44.745 E,43 55 44.589 N,67.59,391.250181,4866.916863,0.06759
230000106,internal_dump,94 38 35.173 E,43 55 43.588 N,251.86,391.036158,4866.889473,0.25186
230000107,internal_dump,94 38 19.430 E,43 55 44.028 N,248.24,390.685212,4866.908834,0.24824
230000108,internal_dump,94 38 11.487 E,43 55 54.293 N,327.14,390.513265,4867.228581,0.32714
230000109,internal_dump,94 38 21.570 E,43 55 52.078 N,308.5,390.737042,4867.156506,0.3085
230000111,internal_dump,94 38 27.551 E,43 55 53.745 N,329.12,390.871298,4867.20576,0.32912
230000113,internal_dump,94 38 03.704 E,43 55 52.023 N,309.52,390.338504,4867.161388,0.30952
230000114,internal_dump,94 37 41.689 E,43 55 50.675 N,309.89,389.846757,4867.127922,0.30989
230000115,internal_dump,94 38 35.961 E,43 55 51.449 N,309.3,391.057722,4867.13181,0.3093
230000118,internal_dump,94 38 14.645 E,43 55 42.356 N,232.69,390.577625,4866.858989,0.23269
